item,qty,spec,supplier,unit_cost_usd,make_buy,notes
1 Glazing,1,"6 mm twin-wall UV-stabilized clear polycarbonate, 1.0 x 1.0 m cut sheet, rated to about 120 C",Greenhouse or glazing supplier,32.00,buy,Indicative price for a cut sheet; solar transmittance about 0.80 used in CAL-001
2 Insulated frame,1,"12 mm exterior plywood (one 1.2 x 0.6 m panel): side walls 1,074 x 52.5 mm, high wall 1,050 x 52.5 mm with five feed openings, low wall comb 1,050 x 45 mm with eleven notches and cap 1,050 x 19.5 mm, base ring of four strips, two stand gussets; 25 mm foil-faced stone wool board liner (rated well above 150 C); exterior paint",Building supplier,35.00,make,"Material cost only; stone wool replaces PIR under DDR-002; walls, base ring and openings per SSK-DDR-003 (SSK-DWG-101 to 105)"
3 Absorber plate,1,"0.5 mm 3003 or 1050 aluminum sheet 1.0 x 1.25 m (996 mm body with zigzag low edge and five brine tongues), high-temperature matte black paint on top face",Metal supplier (cut sheet),28.00,buy,"Indicative price including paint; larger blank for the brine tongues (SSK-DDR-003, SSK-DWG-112)"
4 Wick fabric,4,"Viscose-polyester or cotton nonwoven, about 1 mm, 1.0 x 1.4 m per stage cut into five strips with feed and brine tails, permeability 3e-11 m2 or more, tolerates 150 C dry",Fabric retailer,4.50,buy,Indicative price; permeability not yet known for any candidate fabric (CAL-001 section 8); longer for the tails (SSK-DDR-003)
5 Condenser plate,4,"0.5 mm aluminum sheet 1.0 x 1.25 m (996 mm body with zigzag low edge, six distillate tongues, on plates 1 to 3 five brine tongues, and four 4 mm downturned lip tabs on the high edge bent before coating) with a fluoropolymer (PTFE or PFA type) cookware coating on the condensing (top) face: food-contact and drinking-water contact certified, rated to 150 C dry",Metal supplier (cut sheet) plus coating supplier,25.00,buy,"Indicative: $20 sheet plus about $5 coating allowance (a fluoropolymer cookware coating applied by a coater; the coater must supply an NSF/ANSI 61 or equivalent food-contact certificate for hot salty water before the order, else plates 1 and 2 move to 316 stainless); the lip is a bend with no extra sheet or cost; tongues per SSK-DDR-003 (SSK-DWG-107, 110)"
6 Side spacer rail (stages 1 and 2),4,"PPS (polyphenylene sulfide) natural (tan) 7 mm sheet cut into 12 x 7 mm strips 1.0 m, rated above 150 C continuous; the two stop blocks (SSK-DWG-106) are cut from the offcut",Engineering plastics supplier,11.50,buy,"Decided PPS 2026-10-02 (SSK-DEC-001). Basis: a 7 x 70 x 1000 mm length (about 0.66 kg) at about USD 70 per kg list price for natural PPS sheet gives about USD 46 for the four rails; this is a distributor list price, not a quote, so a sheet quote is still to be obtained"
6 Side spacer rail (stages 3 and 4),4,"3D-printed polycarbonate rail 1.0 m x 12 x 7 mm, printed in sections, teal filament so it never swaps with the tan PPS rails of stages 1 and 2",Self (PC filament from an online retailer),3.50,make,About 100 g of PC filament each; stage 3 reaches about 110 C at dry stagnation in calm air; ASA excluded
7 Intermediate spacer rib,16,"Food-grade silicone round cord, 7 mm, 1.0 m, four per gap at 194 mm pitch",Seal or gasket supplier,1.20,buy,Silicone decided by Amish 2026-09-25 (DDR-002): rated well above 150 C and wets poorly
8 Feed trough,1,"PVC or HDPE gutter section 1.0 m (70 x 70 mm) with end caps, drip valve and two fascia gutter brackets",Hardware store,14.00,buy,Indicative price; brackets added for fixing (SSK-DDR-003)
9 Distillate manifold,1,Food-grade PP or HDPE channel 1.1 m with lid and silicone outlet tube,Online retailer,12.00,buy,Indicative price; food-contact rated
10 Brine gutter,1,"PVC gutter section 1.1 m with drain hose, outboard of the distillate manifold",Hardware store,6.00,buy,Indicative price
11 Heat-rejection fin,10,"Folded 0.5 mm aluminum strip, 0.94 m x 30 mm fin with 20 mm flange, bonded under the bottom plate with high-temperature silicone adhesive",Metal supplier (flashing roll),1.00,make,Cut from flashing roll or plate offcuts
12 Adjustable tilt stand,1,"45 x 45 mm treated timber about 7 m (two ground rails 828 mm with six prop holes, two cross rails 1,074 mm, two posts, two props 1,044 mm, two prop blocks), M10 stainless pivot and prop hinge bolts, two prop pins with wing nuts, four corner brackets, four ground stakes",Building supplier,28.00,make,"Material cost only; ground frame, posts with gussets and pinned props per SSK-DDR-003 (SSK-DWG-116 to 118)"
13 Sealant fasteners and tubing,1,"NSF/ANSI 51 or 61 silicone sealant, stainless screws, silicone tube",Hardware store,20.00,buy,Indicative price; not shown in the model
14 Stagnation cover,1,Opaque white or aluminized polyethylene tarpaulin 1.3 x 1.3 m with elastic edge cord and hooks on the frame,Hardware store,12.00,buy,Indicative price; fitted whenever the feed runs out or before maintenance (DDR-002); not shown in the model
15 Glazing trim and tape,1,"Aluminum unequal angle 25 x 20 x 2 mm, four lengths 1,078 mm mitred; silicone foam glazing tape 3 x 30 mm, 4.3 m; breather tape for the glazing flute ends",Metal supplier and glazing supplier,20.00,make,"Holds the glazing (SSK-DDR-003, SSK-DWG-113); stainless screws under line 13"
16 Outlet bracket,2,"Aluminum flat bar 30 x 4 mm, 240 mm, bent to an L",Metal supplier,3.00,make,"Carries the distillate manifold and the brine gutter (SSK-DDR-003, SSK-DWG-115)"
17 Feed closure,1,"Closed-cell silicone foam strip 5 x 35 mm, 1.0 m, glued to the trough's inner wall",Seal or gasket supplier,6.00,buy,Closes the high wall feed openings around the wick tails (SSK-DDR-003)
18 Wick clips,40,"304 stainless strip 0.4 x 8 mm bent by hand: 20 high-end clips (a bar under the wick with an ear each side hooked round the plate edge and over its top face, about 210 mm of strip) and 20 brine-tongue clips (a U round the tongue and the wick tail under it, about 62 mm); no adhesive",Metal supplier (stainless strip coil),0.35,make,"Basis: one 6 m coil of 0.4 x 8 mm 304 strip at about USD 14 retail gives the 5.5 m needed for 40 clips; decided 2026-10-02 (SSK-DEC-001, replacing the silicone dots); in the model as the wick clips (SSK-DWG-111)"
19 Labels,2,"DISTILLATE and BRINE labels: UV-stable vinyl or engraved aluminium, 80 x 25 mm, fixed beside the manifold outlet and the brine drain",Sign or label supplier,1.50,buy,"Appearance item adopted 2026-10-02 (SSK-DEC-001); not shown in the model"
